ID,Name,Published,Sale price,Regular price,Categories,Images
73,Man black leather shoes,1,,15,Accessories,/img/uploads/2017/12/shoe.jpg
117,Men's Watch,1,,65,Accessories,/img/uploads/2017/12/elegant.jpg
118,Hat for women,1,,18,Accessories,/img/uploads/2017/12/arnel-hasanovic.jpg
125,Red boot,1,18,20,Accessories,/img/uploads/2017/12/red.jpg
126,Hiking boots,1,,9,Accessories,"/img/uploads/2017/12/walking-boots.jpg, /img/uploads/2018/09/everygirlboss.jpg"
127,Dark jeans,1,,11.05,Accessories,/img/uploads/2017/12/woman-1.jpg
132,"Mens wrist watch - red, No",1,42,45,Accessories,/img/uploads/2018/09/hoodie-2.jpg
135,"Mens wrist watch - blue, Yes",1,,45,Accessories,/img/uploads/2018/09/hoodie-with-logo-2.jpg
236,Women hat,1,,30,Accessories,/img/uploads/2018/09/hat-3690790_1920.jpg
479,Natural Mahogany Man's 3/4 Coat with Epaulets and detachable Belt.,1,,0,Accessories,/img/uploads/2017/01/DSC08278.jpg
541,Crocodile Bag,1,,0,Accessories,/img/uploads/2017/02/DSC09406-1.jpg
544,Black and Brown Crocodile Clutch Bag,1,,0,Accessories,/img/uploads/2017/02/DSC09414.jpg
546,Black Crocodile Bag,1,,0,Accessories,/img/uploads/2017/02/DSC09426.jpg
549,Black Crocodile Bag,1,,0,Accessories,/img/uploads/2017/02/DSC09430.jpg
551,Tan Full Quill Ostrich Bag,1,,0,Accessories,/img/uploads/2017/02/DSC09438.jpg
553,Full Quill Ostrich Bag with Wallet,1,,0,Accessories,/img/uploads/2017/02/DSC09440.jpg
555,Red Crocodile Bag,1,,0,Accessories,"/img/uploads/2017/02/DSC09450.jpg, /img/uploads/2017/02/DSC09454.jpg"
558,Beige Full Quill Ostrich Bag,1,,0,Accessories,/img/uploads/2017/02/DSC09458.jpg
560,Full Quill Brown Ostrich Bag with Crock Flap,1,,0,Accessories,/img/uploads/2017/02/DSC09466.jpg
562,Mahogany Mink and Crystal Fox Bag,1,,0,Accessories,/img/uploads/2017/02/DSC09470-1.jpg
565,Ranch Mink and Black Fox Bag,1,,0,Accessories,/img/uploads/2017/02/DSC09474.jpg
567,Red Fox Bag,1,,0,Accessories,/img/uploads/2017/02/DSC09476.jpg
569,Crystal Fox Bag,1,,0,Accessories,/img/uploads/2017/02/DSC09482.jpg
571,Green Dyed Fox Bag,1,,0,Accessories,/img/uploads/2017/02/DSC09488.jpg
573,Mink and Fox Bag,1,,0,Accessories,/img/uploads/2017/02/DSC09492.jpg
575,Coyote Bag,1,,0,Accessories,/img/uploads/2017/02/DSC09494.jpg
577,Red Fox Bag,1,,0,Accessories,/img/uploads/2017/02/DSC09496.jpg
579,Cat Lynx Bag,1,,0,Accessories,/img/uploads/2017/02/DSC09498.jpg
581,Natural Silver Fox Bag,1,,0,Accessories,/img/uploads/2017/02/DSC09502.jpg
651,Mens wrist watch,1,,0,Accessories,"/img/uploads/2017/12/clock.jpg, /img/uploads/2018/09/shoes-collection.jpg, /img/uploads/2018/09/store.jpg, /img/uploads/2018/09/everygirlboss.jpg"
661,Black men formal suit,1,,90,Accessories,/img/uploads/2017/12/gez-xavier-mansfield.jpg
662,Casual wear,1,,18,Accessories,/img/uploads/2017/12/pete-bellis.jpg
665,"Mens wrist watch - green, No",1,,45,Accessories,/img/uploads/2018/09/hoodie-green-1.jpg
666,"Mens wrist watch - blue, No",1,,45,Accessories,/img/uploads/2018/09/hoodie-blue-1.jpg
147,Black 100 % Cashmere Cape with Black Fox and Swarovski Crystals,1,,0,Capes,"/img/uploads/2016/09/MG_0391w.png, /img/uploads/2016/09/MG_0394w.png"
394,Black Velvet Chinchilla Cape With Black Sheared Mink .,1,,0,Capes,/img/uploads/2017/01/DSC08183.jpg
432,Black 100 % Cashmere Cape With Natural Chinchilla Trim all around.,1,,0,Capes,/img/uploads/2017/01/DSC08226.jpg
434,Grey 100 % Cashmere cape with Grey Dyed Fox all Around.,1,,0,Capes,/img/uploads/2017/01/DSC08228-1.jpg
437,Hunter Green 100 % Cshmere Cape with Green Dyed Fox all around.,1,,0,Capes,/img/uploads/2017/01/DSC08230.jpg
441,Petrol Blue 100% Cashmere Cape with Dyed Petrol Fox all around.,1,,0,Capes,/img/uploads/2017/01/DSC08234.jpg
443,Camel Cashmere Cape With Crystal Fox trim all around.,1,,0,Capes,/img/uploads/2017/01/DSC08236.jpg
445,Multi Color Alpaca Cape With Silver fox Collar and Cuffs.,1,,0,Capes,/img/uploads/2017/01/DSC08238.jpg
114,Black trench coat for men,1,,45,Coat,/img/uploads/2017/12/man.jpg
185,Whiskey Dyed Sheared Mink Coat with Dyed Chinchilla Collar Tuxedo Front and Cuffs,1,,0,Coat,/img/uploads/2016/09/MG_0576w.jpg
212,Black Lamb Skin Leather Coat,1,,0,Coat,"/img/uploads/2016/09/MG_0712w.jpg, /img/uploads/2016/09/MG_0718w.jpg"
341,White Nylon Parka with Cross Cut Fox,1,1500,4500,Coat,/img/uploads/2016/11/COAT3.png
386,Pink Super fine Wool Coat With Dyed Pink Fox collar.,1,,0,Coat,/img/uploads/2017/01/DSC08175.jpg
388,Loro Piana super fine wool & cashmere 3/4 with chinchilla Trim.,1,,0,Coat,/img/uploads/2017/01/DSC08177.jpg
398,Natural Brown Russian Sable 7/8 With Brown Sheared mink Trim.,1,,0,Coat,/img/uploads/2017/01/DSC08187.jpg
400,Brown grooved and Sheared Beaver 7/8 Swing with Crystal Fox Trim.,1,,0,Coat,/img/uploads/2017/01/DSC08191.jpg
402,Onyx /red Sheared and grooved beaver 7/8 Swing with Red Dyed Silver Fox.,1,,0,Coat,/img/uploads/2017/01/DSC08193.jpg
404,Oyster Dyed Sheared and Grooved Beaver 7/8 Swing With Blush fox trim.,1,,0,Coat,/img/uploads/2017/01/DSC08195.jpg
406,Natural Black Cross Mink swing stroller.,1,,0,Coat,/img/uploads/2017/01/DSC08197.jpg
408,"Black Sheared Mink Stroller Reversible to Silk Taffeta With Golden Sable Collar,Tuxedo front and Cuffs.",1,,0,Coat,/img/uploads/2017/01/DSC08199.jpg
414,Natural Lippi Cat 3/4 coat With Mahogany Mink Collar and Cuffs.,1,,0,Coat,/img/uploads/2017/01/DSC08206-1.jpg
447,Black 100% Cashmere Swing Coat With Ranch Mink Collar and Cuffs.,1,,0,Coat,/img/uploads/2017/01/DSC08240.jpg
449,Brown Alpaca Coat with Detachable Fox Collar.,1,,0,Coat,/img/uploads/2017/01/DSC08242.jpg
451,Black Loro Piana Supreme Wool Coat with Black Fox collar.,1,,0,Coat,/img/uploads/2017/01/DSC08244.jpg
453,Full Length Brown Sheared Mink Coat with Brown fox Collar.,1,,0,Coat,/img/uploads/2017/01/DSC08250.jpg
465,Maroon Loro Piana Supreme Wool Coat with Detachable Maroon Fox Collar.,1,,0,Coat,/img/uploads/2017/01/DSC08264.jpg
467,Black Man's 100% Cashmere coat.,1,,0,Coat,/img/uploads/2017/01/DSC08266.jpg
481,Man's 3/4 Navy Loro Piana Supreme Wool Coat With Detachable Mahogany Mink Collar.,1,,0,Coat,/img/uploads/2017/01/DSC08280.jpg
525,Ranch Mink Hat,1,,0,Hats,/img/uploads/2017/02/DSC09384.jpg
527,Lunaraine Mink Hat,1,,0,Hats,/img/uploads/2017/02/DSC09386.jpg
529,Mahogany  Mink Hat,1,,0,Hats,/img/uploads/2017/02/DSC09388.jpg
531,Ranch Mink Hat,1,,0,Hats,/img/uploads/2017/02/DSC09390.jpg
533,Mink Hat,1,,0,Hats,/img/uploads/2017/02/DSC09392.jpg
535,Leather and Fox Beret,1,,0,Hats,/img/uploads/2017/02/DSC09394.jpg
537,Fox Beret,1,,0,Hats,/img/uploads/2017/02/DSC09396.jpg
539,Fox Beret,1,,0,Hats,/img/uploads/2017/02/DSC09400.jpg
116,Windproof Jacket In Navy,1,18,20,Jacket,/img/uploads/2017/12/fashion.jpg
150,Animal Print Dyed Sheared Mink Jacket with Feathered Raccoon Collar Tuxedo and Cuffs,1,,0,Jacket,"/img/uploads/2016/09/MG_0417w.png, /img/uploads/2016/09/MG_0419w.png"
153,Natural Lippi Cat Jacket with Belt,1,,0,Jacket,/img/uploads/2016/09/MG_0431w.png
155,Guy LaRoche Golden Sable Jacket with Brown Python Trim,1,,0,Jacket,"/img/uploads/2016/09/MG_0465w.png, /img/uploads/2016/09/MG_0466w.png, /img/uploads/2016/09/MG_0467w.png"
159,Natural Cat Lynx Jacket,1,,0,Jacket,"/img/uploads/2016/09/MG_0481w.png, /img/uploads/2016/09/MG_0483w.png"
165,Brown Python Jacket with Russian Sable Trim,1,,0,Jacket,/img/uploads/2016/09/MG_0440w.png
167,Red Dyed Python Jacket,1,,0,Jacket,/img/uploads/2016/09/MG_0442w.png
169,Python Jacket with a Matching Python Purse,1,,0,Jacket,/img/uploads/2016/09/MG_0446w.png
171,Python Jacket with a Matching Python Purse,1,,0,Jacket,/img/uploads/2016/09/MG_0463w.png
173,Natural Chinchilla Bolero Jacket,1,,0,Jacket,/img/uploads/2016/09/MG_0507w.jpg
178,Natural Black Cross Mink Stroller,1,,0,Jacket,"/img/uploads/2016/09/MG_0519w.jpg, /img/uploads/2016/09/MG_0534w.jpg"
187,Blue Dyed Mink Jacket,1,,0,Jacket,"/img/uploads/2016/09/MG_0613w.jpg, /img/uploads/2016/09/MG_0614w.jpg"
190,Natural Chinchilla Bolero Jacket,1,,0,Jacket,"/img/uploads/2016/09/MG_0629w.jpg, /img/uploads/2016/09/MG_0634w.jpg"
193,Black Dyed Sheared Mink Bolero Jacket with Natural Brown Sable Collar,1,,0,Jacket,/img/uploads/2016/09/MG_0639w.jpg
199,Natural let-out Ranch Mink Bomber Jacket Reversible to Black Lamb Skin Leather,1,,0,Jacket,"/img/uploads/2016/09/MG_0676w.jpg, /img/uploads/2016/09/MG_0680w.jpg"
202,Black and Camel Lamb Skin Leather Jacket,1,,0,Jacket,/img/uploads/2016/09/MG_0690w.jpg
206,Brown Lamb Skin leather Jacket reversible to Brown 100% Cashmere,1,,0,Jacket,"/img/uploads/2016/09/MG_0694w.jpg, /img/uploads/2016/09/MG_0696w.jpg"
207,Lamb Skin Whiskey Leather Bomber Jacket,1,,0,Jacket,/img/uploads/2016/09/MG_0699w.jpg
209,Black Nylon Jacket with Zip-out Shearling Liner,1,,0,Jacket,/img/uploads/2016/09/MG_0710w-1.jpg
215,Black Python Men's Bomber Jacket,1,,0,Jacket,"/img/uploads/2016/09/MG_0722w.jpg, /img/uploads/2016/09/MG_0721w.jpg"
218,Men's Shearling Jacket,1,,0,Jacket,"/img/uploads/2016/09/MG_0739w.jpg, /img/uploads/2016/09/MG_0742w.jpg, /img/uploads/2017/01/DSC08272.jpg"
223,Black Lamb Skin Leather Jacket with Red Fox Trim and Zip-out Leather Sleeves,1,,0,Jacket,"/img/uploads/2016/09/MG_0750w.jpg, /img/uploads/2016/09/MG_0749w.jpg"
226,Black Leather Jacket with Black Fox,1,,0,Jacket,/img/uploads/2016/09/MG_0755w.jpg
244,Cat Lynx Parka with White Fox Trim,1,,0,Jacket,/img/uploads/2016/09/LYNX.png
338,Black Sheared Mink Sections with Silver Fox,1,1995,2995,Jacket,/img/uploads/2016/11/jacket.png
380,Loro Piana Blue Super fine Wool With Dyed Blue & Silver Fox trim.,1,,0,Jacket,/img/uploads/2017/01/DSC08168.jpg
382,Loro piana Blue super fine Wool Jacket with Dyed Blue Fox.,1,,0,Jacket,/img/uploads/2017/01/DSC08169.jpg
384,Pink Loro Piana Super fine wool Jacket  with Dyed Pink Fox.,1,,0,Jacket,/img/uploads/2017/01/DSC08173.jpg
390,"Black Loro Piana Supreme Wool Jacket With Lace,Trimmed With Black Fox collar and Cuffs.",1,,0,Jacket,/img/uploads/2017/01/DSC08179.jpg
392,Natural Chinchilla Bolero Jacket with Cross cut Collar.,1,,0,Jacket,/img/uploads/2017/01/DSC08180.jpg
396,Natural Montana Cat Lynx Bolero Jacket.,1,,0,Jacket,/img/uploads/2017/01/DSC08185.jpg
417,Natural Winter White Mink Horizontal jacket.,1,,0,Jacket,/img/uploads/2017/01/DSC08208.jpg
419,Natural Lippi Cat Bolero Jacket with mahogany Mink Collar.,1,,0,Jacket,/img/uploads/2017/01/DSC08210.jpg
423,Brown Degrade Mink Bomber Jacket.,1,,0,Jacket,/img/uploads/2017/01/DSC08218.jpg
425,Fire Red Dyed Sheared beaver Jacket Diamond cut Jacket.,1,,0,Jacket,/img/uploads/2017/01/DSC08220.jpg
427,Black Or Brown Lambskin leather swing with Snow top Frost Fox.,1,,0,Jacket,/img/uploads/2017/01/DSC08222.jpg
429,"Bone Lambskin Leather Cape With Golden Island Fox Collar,Tuxedo and Cuffs.",1,,0,Jacket,/img/uploads/2017/01/DSC08224.jpg
455,Black Loro Piana wool jacket with Black Fox Collar.,1,,0,Jacket,/img/uploads/2017/01/DSC08252-1.jpg
461,"Black Sheared Mink Stroller With Natural Chinchilla Collar, Tuxedo front and Cuffs.",1,,0,Jacket,/img/uploads/2017/01/DSC08260.jpg
463,Black Sheared Mink Jacket With Natural Chinchilla Collar and Cuffs.,1,,0,Jacket,/img/uploads/2017/01/DSC08262.jpg
471,Brown Nylon Jacket With zip out Shearling liner.,1,,0,Jacket,/img/uploads/2017/01/DSC08270.jpg
115,Chinese dress for children,1,,18,Kids,/img/uploads/2018/09/myung-won-seo.jpg
119,kids collection,1,,90,Kids,/img/uploads/2018/09/beautiful-beauty-child.jpg
120,Winter dress,1,35,45,Kids,/img/uploads/2018/09/emma-goldsmith.jpg
121,Girls long sleeve dresses,1,,45,Kids,/img/uploads/2018/09/wang-xi.jpg
660,Baby cloth,1,2,3,Kids,/img/uploads/2018/09/adorable-baby.jpg
122,Long Sleeve Tee,1,,25,T-Shirt,/img/uploads/2017/12/ms-1.jpg
129,V-neck t-shirt - red,1,,20,T-Shirt,/img/uploads/2018/09/vneck-tee-2.jpg
650,V-neck t-shirt,1,,0,T-Shirt,/img/uploads/2017/12/shirt-1.jpg
663,V-neck t-shirt - green,1,,20,T-Shirt,/img/uploads/2018/09/vnech-tee-green-1.jpg
664,V-neck t-shirt - blue,1,,15,T-Shirt,/img/uploads/2018/09/vnech-tee-blue-1.jpg
142,Fox and Rex Vest,1,,0,Vests,/img/uploads/2016/09/MG_0348w.png
144,Blue Dyed Sheared Long Rex Vest,1,,0,Vests,"/img/uploads/2016/09/MG_0356w.png, /img/uploads/2016/09/MG_0357w.png"
162,Natural Cat Lynx Vest with White Fox Collar Tuxedo Front and Flanges,1,,0,Vests,"/img/uploads/2016/09/MG_0499.jpg, /img/uploads/2016/09/MG_0500w.jpg"
221,Giuliana Teso Bleached Fathered Raccoon Vest,1,,0,Vests,/img/uploads/2016/09/MG_0744w.jpg
231,Blue Sheared Rex Vest,1,125,300,Vests,/img/uploads/2016/09/c2.png
245,Denim Vest With Finn Raccoon  Trim,1,295,695,Vests,/img/uploads/2016/09/p10..png
247,Denim Vest With Finn Raccoon Trim,1,295,695,Vests,/img/uploads/2016/09/p9.png
249,Denim Vest With Coyote Trim,1,395,795,Vests,/img/uploads/2016/09/p8.png
251,Multicolor Rex Vest with Taffeta,1,395,895,Vests,/img/uploads/2016/09/C6A.png
253,Denim Vest With Red Fox,1,295,695,Vests,/img/uploads/2016/09/p7.png
257,Rex Puncho with knit,1,195,695,Vests,/img/uploads/2016/09/p5.png
259,Rex Rabbit Vest,1,295,595,Vests,/img/uploads/2016/10/p3.png
261,Rex Rabbit Vest,1,295,595,Vests,/img/uploads/2016/09/p4.png
459,Loro Piana  Camel Cashemere Long Vest with Feathered Cross Fox front.,1,,0,Vests,/img/uploads/2017/01/DSC08255.jpg